Game_Id,Round,FTHG,FTAG,FTR,HTHG,HTAG,HTR,Hsh,Ash,HT,AT,HF,AF,HC,AC,HY,AY,HR,AR,GameDate,Attendance,Referee_Id,HomeTeam,AwayTeam
,1,0,2,A,0,0,D,6,14,2,4,6,9,3,10,0,2,0,0,12/8/2017,,15,16,3
,1,2,3,A,0,3,A,19,10,6,5,16,11,8,5,3,3,2,0,12/8/2017,,5,7,8
,1,0,3,A,0,2,A,14,8,4,6,7,19,12,9,1,3,0,0,12/8/2017,,8,12,18
,1,1,0,H,1,0,H,9,9,4,1,13,10,6,7,1,1,0,0,12/8/2017,,16,9,20
,1,0,0,D,0,0,D,29,4,2,0,10,13,13,0,2,1,0,0,12/8/2017,,14,17,19
,1,3,3,D,2,1,H,9,14,4,5,14,8,3,3,0,3,0,0,12/8/2017,,3,15,5
,1,1,0,H,1,0,H,16,9,6,2,15,3,8,2,3,1,0,0,12/8/2017,,19,21,13
,1,4,0,H,1,0,H,22,9,6,1,19,7,11,1,2,2,0,0,13/08/17,,12,4,14
,1,0,2,A,0,0,D,6,18,3,6,6,10,5,7,1,2,1,0,13/08/17,,2,11,6
,2,0,2,A,0,0,D,6,19,2,7,6,14,8,5,1,3,0,0,19/08/17,,18,13,15
,2,0,1,A,0,0,D,20,8,0,1,11,11,5,5,1,0,0,1,19/08/17,,12,8,21
,2,2,0,H,1,0,H,14,5,4,2,8,10,6,2,1,0,0,0,19/08/17,,11,10,16
,2,1,0,H,0,0,D,23,4,13,1,12,13,4,2,1,3,0,0,19/08/17,,9,5,12
,2,3,2,H,2,1,H,14,16,5,8,18,10,7,2,1,1,0,1,19/08/17,,10,17,14
,2,1,0,H,0,0,D,11,18,4,6,6,11,2,9,0,0,0,0,19/08/17,,2,20,2
,2,0,4,A,0,1,A,6,17,1,8,12,11,3,5,1,1,0,0,19/08/17,,8,19,4
,2,1,0,H,0,0,D,7,13,3,5,13,10,7,3,3,4,0,0,20/08/17,,5,18,11
,2,1,2,A,0,1,A,18,9,6,2,14,21,14,3,3,3,0,0,20/08/17,,3,6,7
,2,1,1,D,0,1,A,19,7,6,2,7,9,7,1,1,2,1,1,21/08/17,,19,3,9
,3,1,2,A,1,1,D,9,19,3,8,13,14,2,5,5,4,0,1,26/08/17,,13,13,3
,3,0,2,A,0,1,A,16,7,3,3,9,6,1,1,4,1,0,0,26/08/17,,2,12,19
,3,0,0,D,0,0,D,16,6,6,3,10,10,5,4,0,1,0,0,26/08/17,,20,18,17
,3,2,0,H,0,0,D,22,11,7,4,8,7,9,3,1,2,0,0,26/08/17,,15,4,10
,3,3,0,H,1,0,H,16,8,8,3,17,11,7,5,1,3,0,0,26/08/17,,16,11,14
,3,0,0,D,0,0,D,8,16,0,2,7,18,3,11,0,1,1,0,26/08/17,,7,15,16
,3,2,0,H,2,0,H,18,7,7,0,12,7,6,3,2,2,0,0,27/08/17,,8,7,9
,3,4,0,H,2,0,H,18,8,10,0,6,9,4,3,2,4,0,0,27/08/17,,5,5,2
,3,1,1,D,0,0,D,28,13,5,3,9,9,10,7,0,0,0,0,27/08/17,,10,6,8
,3,1,1,D,0,0,D,10,16,2,2,10,9,10,4,2,2,0,0,27/08/17,,3,21,20
,4,3,0,H,2,0,H,15,6,8,1,14,8,8,2,0,1,0,0,9/9/2017,,3,2,13
,4,3,1,H,1,0,H,12,12,6,3,9,4,2,6,2,0,0,0,9/9/2017,,4,16,21
,4,0,3,A,0,2,A,12,15,1,6,14,14,7,3,3,1,0,0,9/9/2017,,7,9,6
,4,1,2,A,0,1,A,8,16,2,6,11,8,2,9,1,0,0,0,9/9/2017,,10,10,7
,4,5,0,H,2,0,H,13,10,7,3,10,9,8,3,2,2,0,1,9/9/2017,,8,3,5
,4,0,2,A,0,1,A,9,12,1,3,8,11,7,4,0,0,0,0,9/9/2017,,11,17,15
,4,2,2,D,1,1,D,10,18,5,8,10,10,5,11,0,0,0,0,9/9/2017,,16,20,4
,4,1,0,H,1,0,H,4,23,2,5,7,14,3,13,1,1,0,0,10/9/2017,,15,8,12
,4,0,1,A,0,0,D,10,16,4,8,11,15,7,5,2,3,0,0,10/9/2017,,14,19,11
,4,2,0,H,0,0,D,19,10,3,2,11,14,10,3,1,2,0,0,11/9/2017,,9,14,18
,5,2,1,H,0,0,D,15,9,3,2,5,12,6,4,0,0,0,0,15/09/17,,5,13,16
,5,0,1,A,0,1,A,14,13,3,4,14,13,5,5,5,1,0,0,16/09/17,,19,12,17
,5,1,1,D,0,0,D,15,10,3,1,6,6,8,4,1,1,0,0,16/09/17,,8,18,10
,5,1,1,D,1,1,D,35,5,9,4,7,9,12,2,1,2,0,0,16/09/17,,18,5,8
,5,2,1,H,1,0,H,14,13,3,4,13,11,7,5,3,1,0,0,16/09/17,,20,11,20
,5,0,0,D,0,0,D,26,4,8,0,11,9,11,1,1,3,0,0,16/09/17,,13,6,19
,5,0,6,A,0,3,A,7,28,1,10,8,6,3,11,2,0,0,0,16/09/17,,3,15,3
,5,0,0,D,0,0,D,6,9,1,1,15,7,2,3,2,2,0,0,16/09/17,,17,21,14
,5,0,0,D,0,0,D,13,11,4,2,11,15,5,1,1,3,1,0,17/09/17,,15,7,2
,5,4,0,H,1,0,H,16,7,7,3,15,14,4,1,1,1,0,0,17/09/17,,2,4,9
,6,0,0,D,0,0,D,5,9,3,2,9,13,3,4,3,2,0,0,23/09/17,,4,8,18
,6,2,1,H,0,0,D,12,8,4,4,12,11,4,6,3,1,0,0,23/09/17,,12,9,13
,6,2,3,A,1,2,A,12,23,7,6,13,14,3,6,3,3,0,0,23/09/17,,3,10,5
,6,5,0,H,1,0,H,25,5,9,0,6,7,8,2,3,1,0,0,23/09/17,,16,3,12
,6,0,1,A,0,1,A,14,9,4,4,12,9,8,4,1,4,0,0,23/09/17,,5,17,4
,6,0,4,A,0,2,A,13,7,2,4,5,14,5,0,2,2,0,0,23/09/17,,13,20,7
,6,1,2,A,0,1,A,10,8,3,4,9,16,5,4,1,3,0,0,23/09/17,,10,19,15
,6,2,3,A,0,2,A,10,15,4,5,10,20,4,3,4,2,0,1,23/09/17,,15,14,6
,6,1,0,H,0,0,D,7,17,3,5,6,8,2,8,2,1,0,0,24/09/17,,2,16,11
,6,2,0,H,1,0,H,16,7,6,3,8,17,7,4,1,4,0,0,25/09/17,,19,2,21
,7,0,0,D,0,0,D,19,8,4,1,6,10,7,5,1,0,0,0,30/09/17,,7,13,10
,7,0,1,A,0,0,D,4,17,2,6,8,13,4,8,0,2,0,0,30/09/17,,12,7,3
,7,0,4,A,0,3,A,6,14,1,7,7,4,4,7,1,1,0,0,30/09/17,,16,18,6
,7,4,0,H,2,0,H,18,6,7,1,6,9,6,5,0,0,0,0,30/09/17,,13,4,12
,7,2,1,H,1,0,H,17,21,6,3,11,10,5,6,1,2,0,0,30/09/17,,14,20,17
,7,2,2,D,2,1,H,9,15,4,3,12,11,7,6,3,0,0,0,30/09/17,,15,21,15
,7,1,0,H,0,0,D,9,6,4,1,15,13,2,1,3,2,0,0,30/09/17,,18,14,19
,7,2,0,H,1,0,H,25,9,12,1,7,8,6,5,0,2,0,0,1/10/2017,,9,2,16
,7,0,1,A,0,1,A,23,5,4,2,14,7,9,3,2,2,0,0,1/10/2017,,8,9,8
,7,1,1,D,1,1,D,8,17,5,2,11,6,1,5,1,1,0,0,1/10/2017,,5,11,5
,8,1,1,D,0,1,A,20,8,5,6,11,14,7,4,2,2,0,1,14/10/17,,20,8,14
,8,2,1,H,2,1,H,14,15,5,5,7,6,5,8,2,1,0,0,14/10/17,,2,12,7
,8,0,0,D,0,0,D,19,6,5,1,7,13,7,3,0,2,0,0,14/10/17,,12,5,4
,8,7,2,H,3,1,H,20,5,11,1,5,8,5,0,0,1,0,0,14/10/17,,5,3,20
,8,2,0,H,1,0,H,7,7,3,2,12,16,5,3,1,5,0,0,14/10/17,,17,19,18
,8,1,0,H,0,0,D,18,5,6,1,9,7,9,5,1,3,0,0,14/10/17,,19,6,13
,8,2,1,H,0,1,A,11,9,2,6,8,10,2,5,1,0,0,0,14/10/17,,16,15,2
,8,1,1,D,0,0,D,12,13,3,6,12,10,7,1,4,1,0,0,15/10/17,,15,16,9
,8,2,2,D,0,1,A,12,19,2,5,11,12,3,8,1,2,0,0,15/10/17,,9,17,11
,8,1,1,D,0,0,D,11,5,3,1,13,6,4,1,2,2,0,0,16/10/17,,13,10,21
,9,0,3,A,0,2,A,16,7,2,5,5,13,10,3,1,0,0,0,20/10/17,,12,14,16
,9,4,2,H,1,1,D,14,16,8,5,13,16,6,6,2,3,0,0,21/10/17,,8,7,15
,9,2,1,H,2,0,H,5,9,3,3,10,12,4,7,4,2,0,0,21/10/17,,10,18,4
,9,3,0,H,1,0,H,15,6,10,0,10,6,4,5,2,3,0,0,21/10/17,,18,3,8
,9,1,0,H,0,0,D,7,10,3,0,12,14,3,5,4,2,0,0,21/10/17,,20,11,12
,9,1,0,H,0,0,D,20,7,6,2,10,8,8,3,0,1,0,0,21/10/17,,7,17,21
,9,1,2,A,0,2,A,10,7,2,3,17,10,8,3,0,1,0,0,21/10/17,,11,20,13
,9,1,2,A,0,1,A,19,11,4,6,6,9,7,6,0,1,0,0,21/10/17,,15,19,10
,9,2,5,A,1,1,D,8,30,3,14,14,14,0,7,1,1,1,0,22/10/17,,5,9,2
,9,4,1,H,3,1,H,14,12,6,7,2,8,3,5,0,1,0,0,22/10/17,,2,6,5
,10,2,1,H,0,1,A,17,4,5,2,9,9,5,2,0,0,0,0,28/10/17,,10,2,19
,10,0,1,A,0,0,D,7,18,1,5,5,5,5,5,2,0,0,0,28/10/17,,5,13,7
,10,2,2,D,0,2,A,19,6,9,2,18,15,11,2,1,2,0,0,28/10/17,,19,12,14
,10,3,0,H,0,0,D,16,1,8,0,10,8,9,2,0,1,0,0,28/10/17,,9,5,18
,10,1,0,H,0,0,D,11,13,3,4,12,14,6,3,1,0,0,0,28/10/17,,8,4,6
,10,0,1,A,0,1,A,13,6,0,2,10,9,8,1,4,4,0,0,28/10/17,,15,15,20
,10,2,3,A,1,2,A,6,15,4,5,10,7,1,2,2,3,0,0,28/10/17,,14,21,3
,10,1,1,D,0,1,A,7,6,2,1,9,10,2,7,3,1,0,0,29/10/17,,16,16,17
,10,2,0,H,2,0,H,9,16,3,2,6,10,3,10,0,2,0,0,29/10/17,,2,10,9
,10,1,0,H,0,0,D,12,12,5,5,9,10,5,3,3,0,0,0,30/10/17,,13,8,11
,11,1,0,H,1,0,H,7,9,3,3,8,15,3,5,1,4,1,0,4/11/2017,,18,18,21
,11,0,1,A,0,0,D,16,16,4,6,11,12,11,9,2,2,0,0,4/11/2017,,17,11,13
,11,0,1,A,0,0,D,13,5,3,1,4,4,9,1,0,0,0,0,4/11/2017,,11,17,8
,11,2,2,D,1,1,D,11,14,7,4,12,8,4,10,0,0,0,0,4/11/2017,,19,20,10
,11,0,1,A,0,1,A,12,5,2,2,13,12,8,7,2,1,0,0,4/11/2017,,13,19,16
,11,1,4,A,0,2,A,6,15,1,7,9,13,2,3,3,0,0,0,4/11/2017,,16,14,5
,11,1,0,H,0,0,D,18,10,8,2,16,20,4,7,1,3,0,0,5/11/2017,,3,7,4
,11,3,2,H,0,0,D,10,11,5,3,14,12,2,5,0,2,0,0,5/11/2017,,7,9,15
,11,3,1,H,1,0,H,9,6,5,3,15,15,5,5,1,6,0,0,5/11/2017,,15,3,2
,11,1,0,H,0,0,D,12,11,2,3,6,7,10,9,0,2,0,0,5/11/2017,,9,6,12
,12,2,0,H,2,0,H,14,14,5,4,11,16,7,4,4,1,0,0,18/11/17,,13,2,6
,12,4,0,H,2,0,H,11,20,5,3,13,10,8,11,3,2,1,0,18/11/17,,11,13,18
,12,2,0,H,2,0,H,16,13,7,1,12,12,8,6,1,1,0,0,18/11/17,,12,8,19
,12,2,2,D,2,2,D,16,8,7,5,9,26,9,4,2,3,0,0,18/11/17,,3,12,9
,12,0,2,A,0,1,A,2,12,0,4,8,10,1,7,1,1,0,0,18/11/17,,7,10,3
,12,3,0,H,2,0,H,21,5,8,0,15,9,10,2,1,1,0,0,18/11/17,,14,5,17
,12,4,1,H,2,1,H,16,12,7,5,10,9,11,4,1,1,0,0,18/11/17,,5,4,11
,12,0,4,A,0,3,A,7,11,2,7,13,12,3,4,2,3,0,0,18/11/17,,8,21,7
,12,2,0,H,1,0,H,17,10,7,6,13,10,3,1,1,4,0,0,19/11/17,,2,15,14
,12,2,2,D,1,2,A,9,13,3,6,13,5,6,7,1,0,0,0,20/11/17,,10,16,20
,13,1,1,D,1,1,D,8,7,4,2,9,12,5,5,1,1,0,0,24/11/17,,12,14,10
,13,2,1,H,0,0,D,10,9,5,3,9,5,5,2,1,1,0,0,25/11/17,,13,12,20
,13,1,1,D,0,0,D,16,11,4,3,10,7,7,8,0,0,0,0,25/11/17,,15,5,7
,13,1,0,H,0,0,D,15,8,4,2,9,9,5,0,0,2,0,0,25/11/17,,16,4,16
,13,0,3,A,0,2,A,12,12,2,4,8,13,6,3,1,2,0,0,25/11/17,,4,11,15
,13,0,0,D,0,0,D,10,9,1,5,18,6,4,5,4,2,0,0,25/11/17,,20,19,13
,13,1,1,D,0,1,A,24,5,5,2,10,13,8,0,1,4,0,0,25/11/17,,14,6,21
,13,0,1,A,0,0,D,8,17,2,2,8,14,5,5,2,0,0,0,26/11/17,,10,8,2
,13,1,2,A,1,0,H,4,14,0,5,10,10,3,7,2,3,1,0,26/11/17,,5,18,3
,13,4,1,H,1,1,D,17,5,5,2,6,13,7,2,0,0,0,0,26/11/17,,9,17,9
,14,0,0,D,0,0,D,10,10,4,4,13,8,10,5,2,0,0,0,28/11/17,,2,16,12
,14,2,1,H,2,0,H,7,18,4,6,7,10,4,9,1,2,0,0,28/11/17,,3,10,6
,14,2,4,A,0,3,A,12,15,3,7,12,10,5,5,2,1,0,0,28/11/17,,8,15,4
,14,2,2,D,1,0,H,8,14,4,4,13,12,1,6,0,0,0,0,28/11/17,,11,21,11
,14,5,0,H,1,0,H,21,7,7,2,10,12,7,2,0,1,0,0,29/11/17,,7,2,18
,14,1,2,A,0,1,A,10,10,2,4,9,11,4,6,0,1,0,0,29/11/17,,18,13,8
,14,1,0,H,0,0,D,21,2,10,0,10,7,15,1,1,0,0,0,29/11/17,,16,7,19
,14,4,0,H,2,0,H,8,7,5,3,16,6,2,6,2,1,0,0,29/11/17,,15,9,14
,14,2,1,H,0,0,D,26,7,12,2,12,11,6,5,1,1,0,0,29/11/17,,17,3,17
,14,0,3,A,0,1,A,10,14,1,7,8,10,5,9,1,5,0,0,29/11/17,,12,20,5
,15,1,3,A,0,2,A,33,8,15,4,11,10,12,1,3,2,0,1,2/12/2017,,2,2,4
,15,1,5,A,0,2,A,6,12,2,6,8,7,2,2,1,0,0,0,2/12/2017,,7,16,5
,15,3,1,H,2,1,H,23,8,9,2,8,13,11,4,0,1,0,0,2/12/2017,,9,7,11
,15,2,0,H,0,0,D,6,5,4,3,12,9,2,5,2,1,0,0,2/12/2017,,4,9,18
,15,1,0,H,1,0,H,16,14,3,4,3,11,10,7,0,2,0,0,2/12/2017,,17,10,8
,15,2,1,H,2,1,H,10,10,3,3,12,10,2,6,2,0,0,0,2/12/2017,,5,20,19
,15,1,1,D,1,1,D,6,8,2,2,16,8,7,2,4,1,0,1,2/12/2017,,12,15,6
,15,0,0,D,0,0,D,20,10,6,2,11,10,3,7,3,1,0,0,2/12/2017,,15,21,12
,15,1,1,D,1,0,H,16,15,5,4,6,12,5,4,2,1,0,0,3/12/2017,,8,13,17
,15,2,1,H,0,1,A,24,7,8,4,5,7,10,4,2,2,0,0,3/12/2017,,13,3,14
,16,1,0,H,1,0,H,8,11,5,2,10,12,3,5,1,0,0,1,9/12/2017,,11,8,15
,16,2,2,D,2,2,D,24,11,8,5,14,14,6,3,5,2,0,0,9/12/2017,,9,12,13
,16,2,0,H,2,0,H,19,7,6,2,6,10,8,1,0,0,0,0,9/12/2017,,20,18,16
,16,2,3,A,1,1,D,10,13,4,5,10,9,6,5,2,1,0,0,9/12/2017,,16,11,10
,16,1,0,H,0,0,D,18,7,3,1,8,18,6,3,2,5,0,0,9/12/2017,,13,19,21
,16,5,1,H,1,0,H,20,4,11,3,12,9,12,6,1,0,0,0,9/12/2017,,18,6,20
,16,1,0,H,1,0,H,5,19,2,2,10,10,4,3,6,1,0,0,9/12/2017,,3,14,7
,16,1,1,D,1,0,H,23,3,3,2,8,11,12,1,1,3,0,0,10/12/2017,,5,5,9
,16,1,2,A,1,1,D,8,14,5,7,16,10,2,8,4,2,0,0,10/12/2017,,15,4,3
,16,1,1,D,1,0,H,6,11,3,6,12,10,4,5,2,2,0,0,10/12/2017,,19,17,2
,17,1,0,H,0,0,D,10,14,2,7,6,14,6,4,0,0,0,0,12/12/2017,,14,8,20
,17,2,1,H,0,1,A,14,7,4,2,14,18,4,6,2,1,0,1,12/12/2017,,10,12,15
,17,1,3,A,0,2,A,7,12,2,5,11,4,1,3,0,0,0,0,12/12/2017,,2,18,7
,17,0,0,D,0,0,D,14,6,5,1,16,6,5,7,1,0,0,0,13/12/17,,17,5,21
,17,1,0,H,1,0,H,9,14,2,7,14,12,4,9,1,2,0,0,13/12/17,,7,4,13
,17,0,1,A,0,1,A,16,7,4,4,10,11,4,1,1,2,1,0,13/12/17,,12,11,9
,17,1,4,A,0,3,A,12,16,4,11,13,9,9,9,1,0,0,0,13/12/17,,4,17,10
,17,0,4,A,0,2,A,7,23,3,10,12,6,2,5,0,0,0,0,13/12/17,,3,19,3
,17,2,0,H,1,0,H,25,7,8,4,5,10,10,2,1,1,0,0,13/12/17,,19,6,16
,17,0,0,D,0,0,D,6,22,0,3,9,9,1,7,1,0,0,0,13/12/17,,8,14,2
,18,1,0,H,1,0,H,23,10,5,2,13,9,7,5,2,1,0,0,16/12/17,,20,2,11
,18,0,0,D,0,0,D,12,11,2,6,13,13,8,2,4,2,0,0,16/12/17,,4,16,8
,18,1,0,H,1,0,H,24,6,8,2,8,16,8,4,1,3,0,0,16/12/17,,18,7,17
,18,0,3,A,0,2,A,11,13,2,6,12,13,6,4,2,2,1,0,16/12/17,,12,10,12
,18,4,1,H,1,0,H,20,7,11,2,13,20,5,1,2,4,0,0,16/12/17,,5,3,6
,18,0,3,A,0,1,A,17,14,0,7,12,13,7,9,2,1,0,0,16/12/17,,7,20,14
,18,1,4,A,0,2,A,13,15,3,9,12,17,8,7,2,1,1,1,16/12/17,,15,15,18
,18,0,4,A,0,3,A,6,21,2,7,5,10,2,3,1,1,0,0,17/12/17,,2,13,5
,18,1,2,A,0,2,A,12,8,5,3,14,7,6,3,1,3,0,0,17/12/17,,3,21,4
,18,3,1,H,1,1,D,12,8,7,3,12,12,6,3,2,3,0,0,18/12/17,,8,9,19
,19,3,3,D,0,1,A,11,14,4,9,9,11,7,8,1,0,0,0,22/12/17,,12,2,5
,19,1,0,H,0,0,D,14,13,3,1,8,11,6,4,0,0,0,0,23/12/17,,17,16,15
,19,0,3,A,0,1,A,5,18,2,8,10,10,4,4,1,2,0,0,23/12/17,,15,8,6
,19,0,0,D,0,0,D,5,25,0,8,8,4,2,7,3,0,0,0,23/12/17,,19,9,7
,19,2,2,D,1,1,D,11,19,3,6,19,8,4,6,2,2,1,0,23/12/17,,8,10,4
,19,4,0,H,1,0,H,14,5,5,1,8,7,4,6,0,1,0,0,23/12/17,,14,3,13
,19,1,1,D,1,0,H,12,10,6,3,16,9,9,1,2,1,0,0,23/12/17,,11,17,18
,19,3,1,H,2,0,H,9,17,5,7,9,11,1,11,1,0,0,0,23/12/17,,16,20,21
,19,1,1,D,0,0,D,7,13,2,5,13,11,6,3,2,3,0,0,23/12/17,,5,19,12
,19,2,3,A,1,1,D,19,11,6,4,9,12,6,3,1,1,0,0,23/12/17,,10,14,11
,20,3,3,D,1,1,D,26,10,10,5,12,14,7,4,3,4,0,0,26/12/17,,20,13,14
,20,2,0,H,0,0,D,25,8,8,1,8,8,13,1,0,1,0,0,26/12/17,,13,7,16
,20,1,1,D,1,0,H,18,15,8,7,9,12,8,5,2,4,0,0,26/12/17,,3,18,20
,20,5,0,H,1,0,H,22,7,9,4,5,8,4,2,0,1,0,0,26/12/17,,9,5,19
,20,2,2,D,0,2,A,23,3,6,2,10,14,12,2,3,7,0,0,26/12/17,,12,4,8
,20,5,2,H,2,0,H,16,16,7,6,8,15,3,8,0,2,0,0,26/12/17,,7,6,17
,20,2,1,H,1,1,D,11,11,1,5,7,13,8,8,3,3,0,0,26/12/17,,4,15,10
,20,0,0,D,0,0,D,17,7,3,3,14,13,10,2,2,0,0,0,26/12/17,,18,21,9
,20,0,1,A,0,1,A,6,22,2,6,11,6,3,8,1,0,0,0,27/12/17,,2,11,3
,20,2,3,A,0,1,A,16,16,2,9,12,7,5,4,0,1,0,0,28/12/17,,15,12,2
,21,2,1,H,1,0,H,19,6,7,1,8,13,4,4,0,0,0,0,30/12/17,,11,13,9
,21,5,0,H,3,0,H,21,1,12,1,5,10,7,0,1,1,0,0,30/12/17,,9,7,20
,21,0,0,D,0,0,D,3,11,1,4,14,14,5,4,2,1,0,0,30/12/17,,17,18,8
,21,2,1,H,0,1,A,17,7,6,1,7,3,7,1,3,2,0,0,30/12/17,,16,5,10
,21,0,0,D,0,0,D,15,8,3,3,12,13,10,7,2,4,0,0,30/12/17,,5,4,17
,21,0,0,D,0,0,D,11,10,2,3,11,10,3,6,2,2,0,0,30/12/17,,3,11,16
,21,1,2,A,1,0,H,9,9,4,4,14,13,1,8,4,2,0,0,30/12/17,,12,15,19
,21,0,0,D,0,0,D,10,15,1,4,14,11,7,8,5,4,0,0,31/12/17,,8,12,3
,21,1,1,D,0,0,D,14,14,3,4,14,9,5,6,3,3,0,0,31/12/17,,13,21,2
,22,2,2,D,1,1,D,15,26,6,8,13,9,5,12,2,1,0,0,1/1/2018,,15,16,13
,22,1,2,A,0,0,D,13,19,4,5,4,12,3,9,0,0,0,0,1/1/2018,,18,8,5
,22,0,2,A,0,0,D,12,21,0,6,11,10,6,6,2,0,0,0,1/1/2018,,2,9,4
,22,3,0,H,0,0,D,11,6,5,1,7,9,4,1,1,1,0,0,1/1/2018,,7,10,18
,22,0,1,A,0,0,D,11,14,4,6,10,11,10,5,3,1,0,0,1/1/2018,,4,20,11
,22,3,1,H,2,0,H,17,7,7,4,8,12,9,1,1,1,0,0,2/1/2018,,10,3,15
,22,1,2,A,1,0,H,10,11,3,4,8,11,4,7,0,1,0,0,2/1/2018,,20,17,12
,22,0,2,A,0,1,A,8,12,1,5,12,9,6,5,2,2,0,0,2/1/2018,,19,19,6
,22,2,1,H,0,1,A,13,10,5,3,12,12,3,4,3,2,0,0,2/1/2018,,14,14,21
,22,2,2,D,0,0,D,14,19,6,6,11,11,10,8,3,2,0,0,3/1/2018,,3,2,7
,21,1,1,D,0,0,D,31,3,8,1,10,6,7,1,0,2,0,0,4/1/2018,,13,6,14
,23,0,0,D,0,0,D,17,14,7,1,14,13,6,3,2,2,0,1,13/01/18,,14,7,10
,23,1,0,H,1,0,H,17,8,2,2,16,10,3,2,0,3,0,0,13/01/18,,15,12,8
,23,1,4,A,1,1,D,8,8,2,6,7,9,7,3,1,1,0,0,13/01/18,,8,18,14
,23,1,1,D,0,0,D,12,8,4,5,11,10,4,5,0,3,0,0,13/01/18,,7,11,19
,23,4,0,H,1,0,H,20,7,10,0,11,15,3,3,0,2,0,0,13/01/18,,5,6,9
,23,2,2,D,0,2,A,16,10,4,4,11,13,5,4,0,5,0,0,13/01/18,,18,15,17
,23,2,0,H,1,0,H,15,13,4,1,8,15,9,6,0,0,0,0,13/01/18,,12,21,16
,23,2,1,H,0,0,D,13,12,5,3,8,10,4,5,2,2,0,0,14/01/18,,9,13,2
,23,4,3,H,1,1,D,16,11,7,4,10,7,5,6,2,3,0,0,14/01/18,,2,5,3
,23,3,0,H,2,0,H,20,11,9,5,14,10,6,1,2,1,0,0,15/01/18,,3,4,20
,24,4,1,H,4,0,H,16,9,10,5,6,8,5,10,0,0,0,0,20/01/18,,4,2,12
,24,0,4,A,0,2,A,10,14,3,10,12,5,5,3,3,0,0,0,20/01/18,,8,16,7
,24,0,1,A,0,0,D,13,12,2,2,7,12,5,4,3,3,0,0,20/01/18,,13,8,4
,24,1,1,D,0,1,A,9,15,4,5,15,10,0,3,2,1,0,0,20/01/18,,20,9,21
,24,2,0,H,1,0,H,9,11,5,3,11,10,4,5,0,0,0,0,20/01/18,,11,10,15
,24,3,1,H,1,0,H,21,6,9,4,5,10,18,0,0,1,0,0,20/01/18,,17,3,11
,24,2,0,H,0,0,D,11,6,6,3,18,13,3,2,1,1,0,0,20/01/18,,15,20,18
,24,1,1,D,0,0,D,12,8,4,3,8,7,6,3,3,1,0,0,20/01/18,,12,14,13
,24,1,1,D,1,1,D,10,17,4,2,8,15,2,9,2,3,0,0,21/01/18,,9,17,6
,24,1,0,H,1,0,H,3,21,2,4,5,9,3,9,0,2,0,0,22/01/18,,16,19,5
,25,0,3,A,0,2,A,5,14,1,7,8,8,1,4,0,0,0,0,30/01/18,,9,18,5
,25,3,1,H,1,1,D,12,9,4,4,4,8,4,3,0,3,0,0,30/01/18,,10,19,2
,25,1,1,D,1,1,D,8,9,3,3,11,15,5,3,1,3,0,0,30/01/18,,16,14,12
,25,0,3,A,0,0,D,21,11,5,5,5,12,8,5,1,0,0,0,31/01/18,,11,7,13
,25,2,1,H,2,0,H,9,8,4,1,9,10,5,5,0,2,0,0,31/01/18,,4,9,10
,25,3,0,H,1,0,H,19,3,10,1,10,10,9,1,1,3,0,0,31/01/18,,19,3,21
,25,1,1,D,0,0,D,14,11,4,2,15,15,7,4,1,2,0,0,31/01/18,,21,11,8
,25,1,1,D,0,1,A,18,9,3,2,8,10,7,2,3,1,0,0,31/01/18,,13,17,16
,25,0,0,D,0,0,D,11,12,4,2,12,12,2,6,4,3,0,0,31/01/18,,8,20,15
,25,2,0,H,2,0,H,22,6,6,3,10,13,6,3,2,2,0,0,31/01/18,,2,6,4
,26,5,1,H,4,0,H,15,11,7,2,8,8,4,6,2,0,0,0,3/2/2018,,16,2,9
,26,2,1,H,0,1,A,15,13,8,4,14,19,8,1,2,3,0,0,3/2/2018,,17,13,20
,26,3,1,H,1,1,D,21,4,5,1,11,7,4,1,3,1,0,0,3/2/2018,,18,16,14
,26,1,1,D,0,1,A,8,20,3,7,9,6,3,13,4,1,0,0,3/2/2018,,12,8,3
,26,1,1,D,1,0,H,13,3,5,1,9,8,3,3,1,0,0,0,3/2/2018,,3,10,19
,26,2,0,H,0,0,D,16,4,7,0,5,19,5,2,2,4,0,0,3/2/2018,,20,4,18
,26,2,3,A,1,2,A,9,13,3,5,12,10,5,7,2,1,0,0,3/2/2018,,15,21,17
,26,1,1,D,0,1,A,21,11,6,8,11,8,5,6,1,1,0,0,4/2/2018,,2,12,11
,26,2,2,D,1,0,H,9,13,3,6,15,9,3,7,3,1,0,0,4/2/2018,,8,5,6
,26,4,1,H,1,0,H,21,7,8,3,11,8,6,2,2,2,0,1,5/2/2018,,13,15,7
,27,3,1,H,0,0,D,11,16,5,4,14,15,8,7,1,1,0,0,10/2/2018,,8,9,12
,27,5,1,H,1,1,D,19,2,11,2,10,12,8,2,2,3,0,0,10/2/2018,,14,3,10
,27,1,1,D,0,1,A,15,14,3,6,6,10,7,4,0,0,0,0,10/2/2018,,19,20,16
,27,1,0,H,0,0,D,12,13,4,1,10,9,5,2,2,1,0,0,10/2/2018,,2,19,8
,27,1,0,H,0,0,D,18,6,6,1,13,9,10,2,2,1,0,0,10/2/2018,,3,6,2
,27,2,0,H,1,0,H,8,11,4,4,11,7,8,7,1,1,0,0,10/2/2018,,7,14,15
,27,4,1,H,2,1,H,15,7,4,2,12,12,2,6,0,3,0,0,11/2/2018,,15,18,13
,27,1,0,H,0,0,D,10,13,3,6,12,15,0,10,0,2,0,0,11/2/2018,,5,11,4
,27,0,2,A,0,2,A,6,16,4,4,5,8,3,1,1,2,0,0,11/2/2018,,12,17,5
,27,3,0,H,1,0,H,20,8,8,1,11,11,8,7,0,2,0,0,12/2/2018,,10,7,21
,28,2,2,D,0,2,A,18,15,5,4,12,10,8,1,1,4,0,0,24/02/18,,18,13,11
,28,4,1,H,1,0,H,16,11,5,1,17,6,3,5,1,0,0,0,24/02/18,,13,16,19
,28,1,1,D,0,0,D,9,13,3,6,8,14,7,5,1,0,0,0,24/02/18,,19,8,17
,28,1,1,D,0,1,A,19,6,9,2,10,16,13,1,1,3,0,0,24/02/18,,15,10,20
,28,4,1,H,1,0,H,21,7,12,4,7,7,8,2,0,2,0,0,24/02/18,,20,5,14
,28,1,0,H,0,0,D,13,7,5,2,10,9,6,5,3,1,0,0,24/02/18,,3,15,9
,28,1,2,A,0,0,D,10,16,3,7,11,9,6,3,1,1,0,0,24/02/18,,8,21,18
,28,0,1,A,0,0,D,5,14,3,4,12,5,2,13,0,1,0,0,25/02/18,,9,12,6
,28,2,1,H,1,1,D,10,14,5,7,13,12,3,4,2,2,0,0,25/02/18,,12,4,7
,28,0,3,A,0,3,A,10,9,5,5,11,11,6,1,1,1,0,0,1/3/2018,,2,2,3
,29,2,1,H,0,1,A,21,10,8,4,9,12,10,4,1,1,0,1,3/3/2018,,4,8,9
,29,1,1,D,0,1,A,23,8,4,3,11,7,13,1,2,1,0,0,3/3/2018,,11,10,13
,29,2,0,H,1,0,H,14,7,3,2,7,9,8,3,0,0,0,0,3/3/2018,,7,5,11
,29,0,0,D,0,0,D,18,12,6,3,8,13,15,4,0,1,0,0,3/3/2018,,3,17,20
,29,4,1,H,2,0,H,9,7,8,2,9,14,4,5,0,3,0,0,3/3/2018,,12,19,14
,29,2,0,H,1,0,H,15,3,7,3,6,8,8,1,1,1,0,0,3/3/2018,,9,6,18
,29,1,0,H,0,0,D,15,9,4,2,11,12,4,6,2,0,0,0,3/3/2018,,17,15,21
,29,2,1,H,2,1,H,13,15,6,7,13,12,6,11,3,3,0,0,4/3/2018,,20,16,2
,29,1,0,H,0,0,D,13,3,3,0,8,9,5,2,2,1,0,0,4/3/2018,,15,3,7
,29,2,3,A,1,0,H,10,17,4,8,10,8,3,7,1,3,0,0,5/3/2018,,16,12,4
,30,2,1,H,2,0,H,27,9,11,2,8,9,12,3,1,2,0,0,10/3/2018,,3,7,12
,30,2,0,H,0,0,D,13,10,3,4,10,14,10,3,0,1,0,1,10/3/2018,,18,9,16
,30,0,0,D,0,0,D,30,0,4,0,9,9,12,0,2,3,0,1,10/3/2018,,15,18,19
,30,2,1,H,2,0,H,5,14,2,2,10,16,1,13,2,1,0,0,10/3/2018,,5,4,5
,30,3,0,H,2,0,H,7,6,5,2,10,10,2,6,0,2,0,0,10/3/2018,,2,11,17
,30,1,4,A,1,1,D,6,14,2,6,6,7,7,6,1,3,0,0,10/3/2018,,19,21,10
,30,0,3,A,0,0,D,13,7,4,4,13,7,5,1,2,2,0,0,10/3/2018,,10,14,8
,30,3,0,H,1,0,H,11,11,7,4,12,9,4,9,2,1,0,0,11/3/2018,,12,2,15
,30,1,4,A,1,1,D,14,12,3,8,10,7,4,5,1,1,0,0,11/3/2018,,13,13,6
,30,0,2,A,0,1,A,3,17,0,6,6,8,3,10,1,0,0,0,12/3/2018,,8,20,3
,31,2,1,H,0,0,D,17,11,5,6,6,9,3,2,1,2,0,0,17/03/18,,7,13,21
,31,0,2,A,0,1,A,6,17,2,6,11,12,4,7,3,2,0,0,17/03/18,,13,18,12
,31,5,0,H,2,0,H,13,4,10,1,5,4,6,1,1,0,0,0,17/03/18,,3,5,15
,31,1,2,A,0,0,D,9,17,4,9,13,12,1,9,1,1,1,0,17/03/18,,12,20,9
,32,0,2,A,0,0,D,15,6,3,4,11,13,6,1,2,4,0,1,31/03/18,,4,16,10
,32,1,2,A,1,0,H,6,16,3,6,6,8,4,6,2,2,0,0,31/03/18,,16,12,5
,32,1,3,A,0,3,A,6,18,2,4,10,8,2,11,0,0,0,0,31/03/18,,17,9,3
,32,2,0,H,2,0,H,11,3,5,2,5,13,3,3,0,0,0,0,31/03/18,,19,4,19
,32,1,0,H,0,0,D,18,4,3,0,9,10,3,3,1,4,0,0,31/03/18,,12,11,18
,32,2,2,D,1,1,D,16,13,5,6,16,6,7,4,4,0,0,0,31/03/18,,2,15,13
,32,1,2,A,0,1,A,8,11,3,4,12,9,1,6,1,3,0,0,31/03/18,,11,21,8
,32,3,0,H,3,0,H,13,9,5,0,9,16,5,9,0,3,0,0,31/03/18,,8,14,17
,32,3,0,H,0,0,D,24,8,11,2,9,13,6,5,1,2,0,0,1/4/2018,,5,2,20
,32,1,3,A,1,1,D,14,12,4,7,4,11,5,5,0,1,0,0,1/4/2018,,2,7,6
,33,2,2,D,0,0,D,20,13,5,6,8,9,11,3,2,2,0,0,7/4/2018,,8,13,12
,33,1,1,D,1,1,D,13,14,4,5,13,7,5,3,1,0,1,0,7/4/2018,,3,16,18
,33,0,0,D,0,0,D,6,10,1,3,12,7,3,2,0,0,0,0,7/4/2018,,15,9,5
,33,1,2,A,0,1,A,8,8,1,4,7,14,7,5,1,3,0,0,7/4/2018,,20,10,11
,33,2,3,A,2,0,H,20,5,6,4,17,9,8,4,6,3,0,0,7/4/2018,,12,3,4
,33,1,2,A,0,0,D,10,15,4,4,19,8,6,3,4,3,0,0,7/4/2018,,7,20,6
,33,1,2,A,0,0,D,14,7,5,4,18,12,11,1,2,2,0,0,7/4/2018,,17,15,8
,33,1,1,D,0,0,D,15,7,3,1,15,5,5,1,3,2,0,0,7/4/2018,,18,21,19
,33,3,2,H,2,1,H,13,15,7,8,11,7,8,6,2,1,1,1,8/4/2018,,2,2,17
,33,1,1,D,1,0,H,23,5,6,2,7,11,10,6,0,1,0,0,8/4/2018,,9,7,14
,34,2,1,H,2,0,H,8,15,3,6,9,10,4,8,2,1,0,0,14/04/18,,12,8,10
,34,3,2,H,3,2,H,15,12,8,3,12,16,5,6,3,2,0,0,14/04/18,,2,12,16
,34,1,0,H,0,0,D,9,4,1,2,9,8,9,6,2,2,0,0,14/04/18,,5,18,15
,34,3,0,H,1,0,H,20,6,7,1,9,9,7,5,1,1,0,0,14/04/18,,4,5,13
,34,2,3,A,1,0,H,10,17,7,5,13,14,4,7,5,3,0,0,14/04/18,,13,17,7
,34,1,1,D,0,1,A,17,12,7,3,10,11,6,3,1,1,0,0,14/04/18,,10,19,9
,34,1,3,A,1,2,A,8,17,3,6,11,12,5,7,3,4,0,0,14/04/18,,8,6,3
,34,0,1,A,0,0,D,14,10,4,4,8,13,4,4,1,1,0,0,15/04/18,,17,4,21
,34,2,1,H,1,1,D,8,15,4,3,11,9,2,5,1,0,0,0,15/04/18,,3,11,2
,34,1,1,D,0,0,D,18,11,6,7,15,21,10,1,2,3,0,0,16/04/18,,15,14,20
,35,1,1,D,0,0,D,8,16,5,6,6,5,3,4,1,0,0,0,17/04/18,,9,16,6
,35,0,2,A,0,1,A,13,13,2,4,9,8,8,5,3,1,0,0,18/04/18,,7,13,4
,31,1,2,A,0,1,A,5,16,2,5,9,11,3,2,1,0,0,0,19/04/18,,19,8,7
,35,0,0,D,0,0,D,11,6,3,2,10,10,11,3,0,0,0,0,19/04/18,,18,10,17
,35,0,0,D,0,0,D,14,6,4,1,17,13,4,3,3,5,0,0,21/04/18,,4,15,12
,35,2,2,D,0,1,A,13,9,6,3,12,5,7,4,0,1,0,0,21/04/18,,20,21,5
,35,4,1,H,0,0,D,20,11,8,4,11,9,8,6,3,2,0,0,22/04/18,,10,2,14
,35,5,0,H,2,0,H,19,4,12,1,6,8,5,1,0,1,0,0,22/04/18,,5,3,19
,35,1,1,D,1,0,H,8,16,3,7,15,5,3,8,2,1,0,0,22/04/18,,13,20,8
,35,1,0,H,0,0,D,9,9,1,2,10,11,4,6,2,1,0,0,23/04/18,,19,9,11
,36,0,0,D,0,0,D,10,9,4,1,5,17,3,4,0,2,0,0,28/04/18,,18,8,16
,36,5,0,H,2,0,H,15,6,9,1,11,9,8,2,1,1,0,1,28/04/18,,13,12,10
,36,0,2,A,0,1,A,9,7,2,5,9,8,4,3,1,0,0,0,28/04/18,,11,18,9
,36,0,0,D,0,0,D,20,5,2,1,7,14,9,2,1,2,0,0,28/04/18,,2,5,20
,36,0,1,A,0,1,A,17,9,2,2,8,13,5,1,1,3,0,0,28/04/18,,2,11,21
,36,2,1,H,1,1,D,14,14,6,7,12,11,5,8,5,1,0,0,28/04/18,,3,17,13
,36,0,1,A,0,1,A,10,11,3,3,13,9,1,2,1,1,0,0,28/04/18,,8,19,7
,36,2,1,H,1,0,H,17,8,3,3,12,7,9,0,0,1,0,0,29/04/18,,9,4,2
,36,1,4,A,1,2,A,4,19,1,7,5,11,0,7,0,1,0,0,29/04/18,,16,14,3
,36,2,0,H,1,0,H,13,13,3,5,11,10,4,0,1,0,0,0,30/04/18,,15,6,15
,37,1,0,H,0,0,D,11,16,4,3,5,3,5,6,2,0,0,0,4/5/2018,,5,16,4
,37,1,0,H,1,0,H,13,12,5,3,10,10,11,6,1,4,0,0,5/5/2018,,9,13,19
,37,1,1,D,0,0,D,9,11,3,5,14,12,3,4,2,4,0,1,5/5/2018,,8,9,17
,37,0,2,A,0,1,A,13,13,2,3,8,9,8,3,1,2,0,0,5/5/2018,,4,10,14
,37,1,2,A,1,0,H,7,13,2,2,18,12,1,7,5,2,0,0,5/5/2018,,12,20,12
,37,2,1,H,2,0,H,11,9,8,1,9,11,2,5,2,1,0,0,5/5/2018,,18,15,11
,37,1,0,H,0,0,D,9,18,1,5,13,12,5,9,4,1,0,0,5/5/2018,,14,21,6
,37,5,0,H,2,0,H,16,6,8,2,6,7,4,5,0,1,0,0,6/5/2018,,2,2,8
,37,1,0,H,1,0,H,12,10,4,5,12,9,3,1,3,2,0,0,6/5/2018,,3,7,5
,37,0,0,D,0,0,D,15,5,2,3,9,4,10,1,0,3,0,0,6/5/2018,,13,3,18
,31,0,1,A,0,0,D,11,13,3,8,7,15,7,6,2,1,0,0,8/5/2018,,15,19,17
,35,1,1,D,0,0,D,22,3,5,2,7,10,9,0,0,1,0,0,9/5/2018,,10,7,18
,31,3,1,H,1,0,H,19,14,10,7,7,12,6,6,2,2,0,1,9/5/2018,,7,10,2
,31,3,1,H,2,1,H,19,6,7,3,5,7,4,3,0,1,0,0,9/5/2018,,17,3,16
,31,1,0,H,0,0,D,11,14,7,3,10,8,6,4,2,3,0,0,9/5/2018,,16,6,11
,31,0,0,D,0,0,D,9,16,2,6,12,12,1,6,1,1,0,0,10/5/2018,,8,14,4
